Category,Item,Pack Size,Price,UPC,Sizes on this card,Possible Sinclair match,Match confidence,Sinclair search
Meat & Seafood,BONELESS PORK LOIN ~5lb,EA,13.95,,,Boneless Pork Roast,weak,https://shop.sinclairsfoods.com/shop#!/?q=BONELESS%20PORK%20LOIN
Meat & Seafood,CAB BONELESS STEW MEAT      3#,EA,20.97,,2,,,https://shop.sinclairsfoods.com/shop#!/?q=CAB%20BONELESS%20STEW%20MEAT%20%20%20%20%20%203%23
Meat & Seafood,CAB BONELESS STEW MEAT      5#,EA,34.95,,2,,,https://shop.sinclairsfoods.com/shop#!/?q=CAB%20BONELESS%20STEW%20MEAT%20%20%20%20%20%205%23
Meat & Seafood,CAB CHUCK ROAST ~5lb,EA,44.95,,2,,,https://shop.sinclairsfoods.com/shop#!/?q=CAB%20CHUCK%20ROAST
Meat & Seafood,CAB CHUCK ROAST ~8lb,EA,71.92,,2,,,https://shop.sinclairsfoods.com/shop#!/?q=CAB%20CHUCK%20ROAST
Meat & Seafood,CAB NEW YORK STRIPS     2 PK,EA,22.49,,3,,,https://shop.sinclairsfoods.com/shop#!/?q=CAB%20NEW%20YORK%20STRIPS
Meat & Seafood,CAB NEW YORK STRIPS     4 PK,EA,44.97,,3,,,https://shop.sinclairsfoods.com/shop#!/?q=CAB%20NEW%20YORK%20STRIPS
Meat & Seafood,CAB NEW YORK STRIPS     8 PK,EA,89.94,,3,,,https://shop.sinclairsfoods.com/shop#!/?q=CAB%20NEW%20YORK%20STRIPS
Meat & Seafood,CAB RIBEYE STEAK             2 PK,EA,32.99,,3,,,https://shop.sinclairsfoods.com/shop#!/?q=CAB%20RIBEYE%20STEAK
Meat & Seafood,CAB RIBEYE STEAK             4 PK,EA,65.97,,3,,,https://shop.sinclairsfoods.com/shop#!/?q=CAB%20RIBEYE%20STEAK
Meat & Seafood,CAB RIBEYE STEAK             8 PK,EA,131.94,,3,,,https://shop.sinclairsfoods.com/shop#!/?q=CAB%20RIBEYE%20STEAK
Meat & Seafood,CAB RUMP ROAST ~5lb,EA,34.95,,2,,,https://shop.sinclairsfoods.com/shop#!/?q=CAB%20RUMP%20ROAST
Meat & Seafood,CAB RUMP ROAST ~8lb,EA,55.92,,2,,,https://shop.sinclairsfoods.com/shop#!/?q=CAB%20RUMP%20ROAST
Meat & Seafood,CAB SHORT RIBS ~5lb,EA,44.5,,,,,https://shop.sinclairsfoods.com/shop#!/?q=CAB%20SHORT%20RIBS
Meat & Seafood,CAB SIRLOIN STEAK           2 PK,EA,20.58,,2,,,https://shop.sinclairsfoods.com/shop#!/?q=CAB%20SIRLOIN%20STEAK
Meat & Seafood,CAB SIRLOIN STEAK           4 PK,EA,41.16,,2,,,https://shop.sinclairsfoods.com/shop#!/?q=CAB%20SIRLOIN%20STEAK
Meat & Seafood,CAB T-BONE STEAK            4 PK,EA,57.16,,2,,,https://shop.sinclairsfoods.com/shop#!/?q=CAB%20T-BONE%20STEAK
Meat & Seafood,CAB T-BONE STEAK            8 PK,EA,114.32,,2,,,https://shop.sinclairsfoods.com/shop#!/?q=CAB%20T-BONE%20STEAK
Meat & Seafood,CAB WHOLE BEEF BRISKET ~15lb,EA,89.85,,,,,https://shop.sinclairsfoods.com/shop#!/?q=CAB%20WHOLE%20BEEF%20BRISKET
Meat & Seafood,CHICKEN BREAST BONE-IN,4.5#,11.65,,,,,https://shop.sinclairsfoods.com/shop#!/?q=CHICKEN%20BREAST%20BONE-IN
Meat & Seafood,CHICKEN BREAST TENDERS,5#,23.99,,,Chicken Breast Strip,weak,https://shop.sinclairsfoods.com/shop#!/?q=CHICKEN%20BREAST%20TENDERS
Meat & Seafood,CHICKEN CUT UP,2.75#,8.5,,,,,https://shop.sinclairsfoods.com/shop#!/?q=CHICKEN%20CUT%20UP
Meat & Seafood,CHICKEN LEGS,10 pk,8,,,Family Pack Chicken Legs,weak,https://shop.sinclairsfoods.com/shop#!/?q=CHICKEN%20LEGS
Meat & Seafood,CHICKEN THIGHS BNLS,LB,7.99,,,BONELESS CHICKEN THIGHS,weak,https://shop.sinclairsfoods.com/shop#!/?q=CHICKEN%20THIGHS%20BNLS
Meat & Seafood,CORNED BEEF 3.5 LB,EA,31.47,,,CORNED BEEF,weak,https://shop.sinclairsfoods.com/shop#!/?q=CORNED%20BEEF%203.5%20LB
Meat & Seafood,GROUND CHUCK 80% LEAN,3#,14.97,,2,,,https://shop.sinclairsfoods.com/shop#!/?q=GROUND%20CHUCK%2080%25%20LEAN
Meat & Seafood,GROUND CHUCK 80% LEAN,5#,24.95,,2,,,https://shop.sinclairsfoods.com/shop#!/?q=GROUND%20CHUCK%2080%25%20LEAN
Meat & Seafood,GROUND TURKEY,1#,4.99,64220555942,,,,https://shop.sinclairsfoods.com/shop#!/?q=GROUND%20TURKEY
Meat & Seafood,"HAM, BONELESS KRETCHMAR",8#,39.92,,,Kretchmar Ham,strong,https://shop.sinclairsfoods.com/shop#!/?q=HAM%2C%20BONELESS%20KRETCHMAR
Meat & Seafood,"HAM, COUNTRY SLICED",12 oz,7.89,,,,,https://shop.sinclairsfoods.com/shop#!/?q=HAM%2C%20COUNTRY%20SLICED
Meat & Seafood,"HAM, SMOKED BONE-IN",18#,48.42,,,,,https://shop.sinclairsfoods.com/shop#!/?q=HAM%2C%20SMOKED%20BONE-IN
Meat & Seafood,"HAM, SMOKED BONE-IN HALF",9#,24.21,,,,,https://shop.sinclairsfoods.com/shop#!/?q=HAM%2C%20SMOKED%20BONE-IN%20HALF
Meat & Seafood,HAMBURGER PATTIES 80% LEAN,24 ct,39.92,,,,,https://shop.sinclairsfoods.com/shop#!/?q=HAMBURGER%20PATTIES%2080%25%20LEAN
Meat & Seafood,"HEN, WHOLE",5#,10,,,,,https://shop.sinclairsfoods.com/shop#!/?q=HEN%2C%20WHOLE
Meat & Seafood,IMITATION CRABMEAT,8oz,3,,,,,https://shop.sinclairsfoods.com/shop#!/?q=IMITATION%20CRABMEAT
Meat & Seafood,LEAN GROUND BEEF 73% LEAN,5 #,23.45,,,73% LEAN GROUND BEEF,strong,https://shop.sinclairsfoods.com/shop#!/?q=LEAN%20GROUND%20BEEF%2073%25%20LEAN
Meat & Seafood,"LIVER, BEEF",16 oz,4.85,,,,,https://shop.sinclairsfoods.com/shop#!/?q=LIVER%2C%20BEEF
Meat & Seafood,"PICKLE LOAF, OM",8 oz,5.75,4470001041,,,,https://shop.sinclairsfoods.com/shop#!/?q=PICKLE%20LOAF%2C%20OM
Meat & Seafood,PORK BUTT ~5lb,EA,17.45,,2,Pork Butt Roast,strong,https://shop.sinclairsfoods.com/shop#!/?q=PORK%20BUTT
Meat & Seafood,PORK BUTT ~8lb,EA,27.92,,2,Pork Butt Roast,strong,https://shop.sinclairsfoods.com/shop#!/?q=PORK%20BUTT
Meat & Seafood,PORK STEAKS,2 pk,7,,,Family Pack Pork Steaks,weak,https://shop.sinclairsfoods.com/shop#!/?q=PORK%20STEAKS
Meat & Seafood,RAW GREEN SHRIMP,2#,18.99,,,,,https://shop.sinclairsfoods.com/shop#!/?q=RAW%20GREEN%20SHRIMP
Meat & Seafood,SAUSAGE CIRCLE B,28 oz,4.49,2980041812,,,,https://shop.sinclairsfoods.com/shop#!/?q=SAUSAGE%20CIRCLE%20B
Meat & Seafood,"SHRIMP, BREADED",3#,23.99,,,BREADED SHRIMP,strong,https://shop.sinclairsfoods.com/shop#!/?q=SHRIMP%2C%20BREADED
Meat & Seafood,"SHRIMP, P&D 21/25 CT",2#,18.99,,,,,https://shop.sinclairsfoods.com/shop#!/?q=SHRIMP%2C%20P%26D%2021/25%20CT
Meat & Seafood,SMALL HAM HOCK,4 pk,4,,,,,https://shop.sinclairsfoods.com/shop#!/?q=SMALL%20HAM%20HOCK
Meat & Seafood,"STEAK, BEEF FILET",EA,16.99,,,,,https://shop.sinclairsfoods.com/shop#!/?q=STEAK%2C%20BEEF%20FILET
Meat & Seafood,TN PRIDE HOT ROLL SAUSAGE,1#,6.69,7229000001,,,,https://shop.sinclairsfoods.com/shop#!/?q=TN%20PRIDE%20HOT%20ROLL%20SAUSAGE
Meat & Seafood,"TURKEY, WHOLE 12-16",16#,27.04,,,,,https://shop.sinclairsfoods.com/shop#!/?q=TURKEY%2C%20WHOLE%2012-16
Meat & Seafood,"TURKEY, WHOLE BC 18-20#",20#,33.8,,,,,https://shop.sinclairsfoods.com/shop#!/?q=TURKEY%2C%20WHOLE%20BC%2018-20%23
Meat & Seafood,"VEAL CUTLET, BREADED 4 oz",EA,2.13,,,,,https://shop.sinclairsfoods.com/shop#!/?q=VEAL%20CUTLET%2C%20BREADED%204%20oz
Meat & Seafood,WHOLE BEEF TENDERLOIN ~6lb,EA,92.94,,,,,https://shop.sinclairsfoods.com/shop#!/?q=WHOLE%20BEEF%20TENDERLOIN
Meat & Seafood,WHOLE RIBEYE LOIN            17#,EA,305.83,,,,,https://shop.sinclairsfoods.com/shop#!/?q=WHOLE%20RIBEYE%20LOIN%20%20%20%20%20%20%20%20%20%20%20%2017%23
Pantry & Grocery,A J PLAIN CORN MEAL,5 LB,4.15,3000003100,,,,https://shop.sinclairsfoods.com/shop#!/?q=A%20J%20PLAIN%20CORN%20MEAL
Pantry & Grocery,AL SAVE IMT VAN EXT,8 oz,1.49,7003830315,,,,https://shop.sinclairsfoods.com/shop#!/?q=AL%20SAVE%20IMT%20VAN%20EXT
Pantry & Grocery,AUNT JEMIMA SYRUP,24 oz,3.75,3000005970,,,,https://shop.sinclairsfoods.com/shop#!/?q=AUNT%20JEMIMA%20SYRUP
Pantry & Grocery,BC AU GRATIN POTATO,4.7 oz,2.79,1600027488,,,,https://shop.sinclairsfoods.com/shop#!/?q=BC%20AU%20GRATIN%20POTATO
Pantry & Grocery,BC HMB HLP BEEF PAST,5.9 oz,2.49,1600041729,,,,https://shop.sinclairsfoods.com/shop#!/?q=BC%20HMB%20HLP%20BEEF%20PAST
Pantry & Grocery,BC HMB HLP CHSBURGER,6 oz,2.49,1600040212,,BC HMB HLP SALISBURY,weak,https://shop.sinclairsfoods.com/shop#!/?q=BC%20HMB%20HLP%20CHSBURGER
Pantry & Grocery,BC HMB HLP LASAGNA,6.9 oz,2.49,1600041751,,BC HMB HLP SPAGHETTI,weak,https://shop.sinclairsfoods.com/shop#!/?q=BC%20HMB%20HLP%20LASAGNA
Pantry & Grocery,BST-CH RED GRFRT SEC,15 oz,1.99,7003831656,,,,https://shop.sinclairsfoods.com/shop#!/?q=BST-CH%20RED%20GRFRT%20SEC
Pantry & Grocery,BUNNY BROWN SERVE ROLL,DZ,2.99,2412601023,,,,https://shop.sinclairsfoods.com/shop#!/?q=BUNNY%20BROWN%20SERVE%20ROLL
Pantry & Grocery,C4,EA,2.99,,,,,https://shop.sinclairsfoods.com/shop#!/?q=C4
Pantry & Grocery,CELSIUS,4PK,9.49,,,,,https://shop.sinclairsfoods.com/shop#!/?q=CELSIUS
Pantry & Grocery,CRISCO BTR FLV SHORT,3 LB,10.95,5150024241,,,,https://shop.sinclairsfoods.com/shop#!/?q=CRISCO%20BTR%20FLV%20SHORT
Pantry & Grocery,CRISCO SHORTENING,3 LB,10.95,5150024234,,,,https://shop.sinclairsfoods.com/shop#!/?q=CRISCO%20SHORTENING
Pantry & Grocery,CRISCO VEG OIL,128 oz,17.55,5150099283,,,,https://shop.sinclairsfoods.com/shop#!/?q=CRISCO%20VEG%20OIL
Pantry & Grocery,DH DEC GRM CHOC CAKE,21 oz,3.49,64420941340,,,,https://shop.sinclairsfoods.com/shop#!/?q=DH%20DEC%20GRM%20CHOC%20CAKE
Pantry & Grocery,DH RTS COCONUT PECAN,15 oz,2.75,64420900456,,,,https://shop.sinclairsfoods.com/shop#!/?q=DH%20RTS%20COCONUT%20PECAN
Pantry & Grocery,F RICH BRDED MUSHROOMS,18 oz,9.49,4132262510,,,,https://shop.sinclairsfoods.com/shop#!/?q=F%20RICH%20BRDED%20MUSHROOMS
Pantry & Grocery,F RICH JALPENO PEPPR,18 oz,9.49,4132235653,,,,https://shop.sinclairsfoods.com/shop#!/?q=F%20RICH%20JALPENO%20PEPPR
Pantry & Grocery,F RICH MOZZ CHS STIK,24 oz,9.49,4132231141,,,,https://shop.sinclairsfoods.com/shop#!/?q=F%20RICH%20MOZZ%20CHS%20STIK
Pantry & Grocery,FL FAMILY SIZE DORITOS,15 oz,5.59,2840064203,,,,https://shop.sinclairsfoods.com/shop#!/?q=FL%20FAMILY%20SIZE%20DORITOS
Pantry & Grocery,FL FAMILY SIZE LAYS BBQ,9.5 oz,4.69,2840064524,,,,https://shop.sinclairsfoods.com/shop#!/?q=FL%20FAMILY%20SIZE%20LAYS%20BBQ
Pantry & Grocery,FL FAMILY SIZE LAYS CLASSIC,10 oz,4.69,2840064549,,,,https://shop.sinclairsfoods.com/shop#!/?q=FL%20FAMILY%20SIZE%20LAYS%20CLASSIC
Pantry & Grocery,FL FAMILY SIZE LAYS SCO,9.5 oz,4.69,2840064641,,,,https://shop.sinclairsfoods.com/shop#!/?q=FL%20FAMILY%20SIZE%20LAYS%20SCO
Pantry & Grocery,FL XXVL FUNYONS,6.5 oz,5.89,2840024018,,,,https://shop.sinclairsfoods.com/shop#!/?q=FL%20XXVL%20FUNYONS
Pantry & Grocery,FLGR CLASSIC CAN,30.5 oz,12.45,2550020421,,,,https://shop.sinclairsfoods.com/shop#!/?q=FLGR%20CLASSIC%20CAN
Pantry & Grocery,FLVRPAC ASPRGS CUTS,8 oz,2.79,4880001151,,,,https://shop.sinclairsfoods.com/shop#!/?q=FLVRPAC%20ASPRGS%20CUTS
Pantry & Grocery,FOLGER CLASSIC KCUP,12 ct,8.69,2550020212,,,,https://shop.sinclairsfoods.com/shop#!/?q=FOLGER%20CLASSIC%20KCUP
Pantry & Grocery,FOLGER DCAF CLAS CAN,22.6 oz,13.35,2550000374,,,,https://shop.sinclairsfoods.com/shop#!/?q=FOLGER%20DCAF%20CLAS%20CAN
Pantry & Grocery,FRENCH BREAD,LOAF,1.99,BAKERY,,French Bread,strong,https://shop.sinclairsfoods.com/shop#!/?q=FRENCH%20BREAD
Pantry & Grocery,GG MEXICORN,11 oz,2.25,2000010453,,,,https://shop.sinclairsfoods.com/shop#!/?q=GG%20MEXICORN
Pantry & Grocery,GG WHL ASPARAGUS SPR,15 oz,4.15,2000010039,,,,https://shop.sinclairsfoods.com/shop#!/?q=GG%20WHL%20ASPARAGUS%20SPR
Pantry & Grocery,GG WK WHITE CORN,11 oz,2.25,2000010546,,,,https://shop.sinclairsfoods.com/shop#!/?q=GG%20WK%20WHITE%20CORN
Pantry & Grocery,GM CHEERIOS CEREAL,18 oz,5.69,1600027528,,Cheerios Cereal 8.9 oz,weak,https://shop.sinclairsfoods.com/shop#!/?q=GM%20CHEERIOS%20CEREAL
Pantry & Grocery,GM HNY NUT CHEERIOS,19.5 oz,5.69,1600012315,,,,https://shop.sinclairsfoods.com/shop#!/?q=GM%20HNY%20NUT%20CHEERIOS
Pantry & Grocery,HONEY MAID GRAM CRKRS FAM SZ,25.6 oz,5.95,4400004717,,,,https://shop.sinclairsfoods.com/shop#!/?q=HONEY%20MAID%20GRAM%20CRKRS%20FAM%20SZ
Pantry & Grocery,HSBRWN PTY,10 ct,4.29,7968554324,,,,https://shop.sinclairsfoods.com/shop#!/?q=HSBRWN%20PTY
Pantry & Grocery,HZ SQZ SPICY MUSTARD,14 oz,1.89,1300064048,,,,https://shop.sinclairsfoods.com/shop#!/?q=HZ%20SQZ%20SPICY%20MUSTARD
Pantry & Grocery,JELLO SF INS VAN PUDDN,1 oz,1.65,4300020552,,,,https://shop.sinclairsfoods.com/shop#!/?q=JELLO%20SF%20INS%20VAN%20PUDDN
Pantry & Grocery,KAHIKI CKN EGG ROLLS,11.6 oz,3.99,5434720107,,,,https://shop.sinclairsfoods.com/shop#!/?q=KAHIKI%20CKN%20EGG%20ROLLS
Pantry & Grocery,KAHIKI PORK EGG RLS,11.6 oz,3.99,5434720111,,,,https://shop.sinclairsfoods.com/shop#!/?q=KAHIKI%20PORK%20EGG%20RLS
Pantry & Grocery,KBLR GRAHAM PIE SHL,6 oz,2.79,7891317028,,,,https://shop.sinclairsfoods.com/shop#!/?q=KBLR%20GRAHAM%20PIE%20SHL
Pantry & Grocery,KEEBLER FUDGE GRAHAM,12.5 oz,4.99,3010001610,,,,https://shop.sinclairsfoods.com/shop#!/?q=KEEBLER%20FUDGE%20GRAHAM
Pantry & Grocery,KEEBLER OATMEAL COOKIES,10.1 oz,4.75,3010010035,,,,https://shop.sinclairsfoods.com/shop#!/?q=KEEBLER%20OATMEAL%20COOKIES
Pantry & Grocery,KEL MINI WHT BITE SZ,18 oz,6.25,3800019934,,,,https://shop.sinclairsfoods.com/shop#!/?q=KEL%20MINI%20WHT%20BITE%20SZ
Pantry & Grocery,KEL RAISIN BRAN,24 oz,8.15,3800019989,,,,https://shop.sinclairsfoods.com/shop#!/?q=KEL%20RAISIN%20BRAN
Pantry & Grocery,KEL RAISN BRAN CRNCH,15.9 oz,6.25,3800019973,,,,https://shop.sinclairsfoods.com/shop#!/?q=KEL%20RAISN%20BRAN%20CRNCH
Pantry & Grocery,KEL SPEC K RED BERRY,11.7 oz,6.25,3800020074,,,,https://shop.sinclairsfoods.com/shop#!/?q=KEL%20SPEC%20K%20RED%20BERRY
Pantry & Grocery,KELLOGGS FROOT LOOPS,14.7 oz,6.79,3800019888,,,,https://shop.sinclairsfoods.com/shop#!/?q=KELLOGGS%20FROOT%20LOOPS
Pantry & Grocery,LD COOKIES N CREME CK,12.39 oz,3.19,24300-04476,,,,https://shop.sinclairsfoods.com/shop#!/?q=LD%20COOKIES%20N%20CREME%20CK
Pantry & Grocery,LD DEVIL SQUARES,10 ct,3.19,2430004143,,,,https://shop.sinclairsfoods.com/shop#!/?q=LD%20DEVIL%20SQUARES
Pantry & Grocery,LD FUDGE BROWNIES,6 ct,3.19,2430004125,,LD BROWNIES,strong,https://shop.sinclairsfoods.com/shop#!/?q=LD%20FUDGE%20BROWNIES
Pantry & Grocery,LIP CUP SZ TEA BAG,100 ct,5.99,4100000287,,,,https://shop.sinclairsfoods.com/shop#!/?q=LIP%20CUP%20SZ%20TEA%20BAG
Pantry & Grocery,LIP FAM SZ TEA BAGS,48 ct,6.35,4100005015,,,,https://shop.sinclairsfoods.com/shop#!/?q=LIP%20FAM%20SZ%20TEA%20BAGS
Pantry & Grocery,LIPTON GALLON SZ TEA BAGS,24 ct,11.95,4100000283,,,,https://shop.sinclairsfoods.com/shop#!/?q=LIPTON%20GALLON%20SZ%20TEA%20BAGS
Pantry & Grocery,LIPTON GREEN TEA BAG,40 ct,5.55,4100007721,,,,https://shop.sinclairsfoods.com/shop#!/?q=LIPTON%20GREEN%20TEA%20BAG
Pantry & Grocery,LOTUS,EA,2.5,,,,,https://shop.sinclairsfoods.com/shop#!/?q=LOTUS
Pantry & Grocery,MC SPAGHETTI MIX,1.5 oz,1.89,5210009140,,,,https://shop.sinclairsfoods.com/shop#!/?q=MC%20SPAGHETTI%20MIX
Pantry & Grocery,MONSTER LOW CARB,12PK,24.99,,,,,https://shop.sinclairsfoods.com/shop#!/?q=MONSTER%20LOW%20CARB
Pantry & Grocery,MORT GRIND PEPPRCORN,1.24 oz,2.59,2460001184,,,,https://shop.sinclairsfoods.com/shop#!/?q=MORT%20GRIND%20PEPPRCORN
Pantry & Grocery,NSTL MLK CH HT COCOA,6 ct,1.19,5000039758,,,,https://shop.sinclairsfoods.com/shop#!/?q=NSTL%20MLK%20CH%20HT%20COCOA
Pantry & Grocery,OEP CHOP GRN CHILES,4.5 oz,1.69,4600083251,,,,https://shop.sinclairsfoods.com/shop#!/?q=OEP%20CHOP%20GRN%20CHILES
Pantry & Grocery,OEP TACO SC MED,16 oz,2.59,4600085141,,,,https://shop.sinclairsfoods.com/shop#!/?q=OEP%20TACO%20SC%20MED
Pantry & Grocery,OEP TACO SC MILD,16 oz,2.59,4600085021,,,,https://shop.sinclairsfoods.com/shop#!/?q=OEP%20TACO%20SC%20MILD
Pantry & Grocery,OLV GRDN ITALIAN DR,16 oz,4.45,7020083812,,,,https://shop.sinclairsfoods.com/shop#!/?q=OLV%20GRDN%20ITALIAN%20DR
Pantry & Grocery,PIL HOT ROLL MIX,16 oz,2.39,5150065330,,,,https://shop.sinclairsfoods.com/shop#!/?q=PIL%20HOT%20ROLL%20MIX
Pantry & Grocery,PIL RTS STRAW FROST,16 oz,1.99,5150076120,,,,https://shop.sinclairsfoods.com/shop#!/?q=PIL%20RTS%20STRAW%20FROST
Pantry & Grocery,PLNT DELUX MIX NUTS,8.75 oz,9.09,2900001620,,,,https://shop.sinclairsfoods.com/shop#!/?q=PLNT%20DELUX%20MIX%20NUTS
Pantry & Grocery,POST HNYBUNCH HNYRST,14.5 oz,4.65,88491201424,,,,https://shop.sinclairsfoods.com/shop#!/?q=POST%20HNYBUNCH%20HNYRST
Pantry & Grocery,PREGO MEAT SPAG SC,45 oz,4.99,5100002792,,,,https://shop.sinclairsfoods.com/shop#!/?q=PREGO%20MEAT%20SPAG%20SC
Pantry & Grocery,PREMIUM CRACKERS,24 oz,5.69,4400004483,,,,https://shop.sinclairsfoods.com/shop#!/?q=PREMIUM%20CRACKERS
Pantry & Grocery,PRNGL MEMPHIS BBQ,5.5 oz,2.95,3800013904,,,,https://shop.sinclairsfoods.com/shop#!/?q=PRNGL%20MEMPHIS%20BBQ
Pantry & Grocery,RICELAND XLONG RICE,16 oz,0.89,3520005511,,,,https://shop.sinclairsfoods.com/shop#!/?q=RICELAND%20XLONG%20RICE
Pantry & Grocery,ROCK STAR,4PK,8.39,,,,,https://shop.sinclairsfoods.com/shop#!/?q=ROCK%20STAR
Pantry & Grocery,S MAID RAISIN CANSTR,22.58 oz,4.75,4114302874,,,,https://shop.sinclairsfoods.com/shop#!/?q=S%20MAID%20RAISIN%20CANSTR
Pantry & Grocery,TOBASCO PEPPERS&VNGR,6 oz,2.89,19029800031,,,,https://shop.sinclairsfoods.com/shop#!/?q=TOBASCO%20PEPPERS%26VNGR
Pantry & Grocery,TORK INDIVIDUALL WRAPPED CASE,96 CT,69.99,7990900008,,,,https://shop.sinclairsfoods.com/shop#!/?q=TORK%20INDIVIDUALL%20WRAPPED%20CASE
Pantry & Grocery,TURKEY HILL BTR PECAN,48 oz,6.59,2073511014,,,,https://shop.sinclairsfoods.com/shop#!/?q=TURKEY%20HILL%20BTR%20PECAN
Pantry & Grocery,TURKEY HILL NEOPOLITAN,48 oz,6.59,2073511007,,,,https://shop.sinclairsfoods.com/shop#!/?q=TURKEY%20HILL%20NEOPOLITAN
Pantry & Grocery,UB CONVERTED RICE,32 oz,3.89,5480001008,,,,https://shop.sinclairsfoods.com/shop#!/?q=UB%20CONVERTED%20RICE
Pantry & Grocery,UB LONG GRAIN WILD,6 oz,2.49,5480002001,,,,https://shop.sinclairsfoods.com/shop#!/?q=UB%20LONG%20GRAIN%20WILD
Pantry & Grocery,V8 SPICY HOT VEG JCE,6 ct,4.75,5100000004,,,,https://shop.sinclairsfoods.com/shop#!/?q=V8%20SPICY%20HOT%20VEG%20JCE
Pantry & Grocery,ZAT GUMBO MIX,7 oz,3.09,7142909101,,,,https://shop.sinclairsfoods.com/shop#!/?q=ZAT%20GUMBO%20MIX
Pantry & Grocery,ZAT SEASND FISH FRI,24 oz,4.69,7142902452,,,,https://shop.sinclairsfoods.com/shop#!/?q=ZAT%20SEASND%20FISH%20FRI
Household & Cleaning,16 OZ FOAM CUPS (CASE),1000 CT,84.99,290400009,,,,https://shop.sinclairsfoods.com/shop#!/?q=16%20OZ%20FOAM%20CUPS%20%28CASE%29
Household & Cleaning,BAR SOAP   DIAL/IRISH SPRING/IVORY/ZEST,3 CT,4.49,,,,,https://shop.sinclairsfoods.com/shop#!/?q=BAR%20SOAP%20%20%20DIAL/IRISH%20SPRING/IVORY/ZEST
Household & Cleaning,BOUNTY 12 DOUBLE = 24,12 ct,28.99,3077205625,,,,https://shop.sinclairsfoods.com/shop#!/?q=BOUNTY%2012%20DOUBLE%20%3D%2024
Household & Cleaning,BOUNTY 8 TRIPLE = 24,8 ct,23.99,3077205661,,,,https://shop.sinclairsfoods.com/shop#!/?q=BOUNTY%208%20TRIPLE%20%3D%2024
Household & Cleaning,CASCADE ALL PURPOSE PODS,63 CT,16.99,3077206081,,,,https://shop.sinclairsfoods.com/shop#!/?q=CASCADE%20ALL%20PURPOSE%20PODS
Household & Cleaning,CHARMIN 16=64 MEGA,16 CT,19.99,3077208255,,,,https://shop.sinclairsfoods.com/shop#!/?q=CHARMIN%2016%3D64%20MEGA
Household & Cleaning,DAWN DISH SOAP,56 OZ,9.75,3700011045,,,,https://shop.sinclairsfoods.com/shop#!/?q=DAWN%20DISH%20SOAP
Household & Cleaning,DECK MOP HEAD,24”,5.49,9900000694,,,,https://shop.sinclairsfoods.com/shop#!/?q=DECK%20MOP%20HEAD
Household & Cleaning,DECK WOODEN MOP HANDLE,60”,9.99,8877100005,,,,https://shop.sinclairsfoods.com/shop#!/?q=DECK%20WOODEN%20MOP%20HANDLE
Household & Cleaning,GAIN POWDER,70 OZ,14.25,3077209509,,,,https://shop.sinclairsfoods.com/shop#!/?q=GAIN%20POWDER
Household & Cleaning,GLAD FORCE FLEX TALL 13 GALLON,40 ct,11.49,1258779027,,,,https://shop.sinclairsfoods.com/shop#!/?q=GLAD%20FORCE%20FLEX%20TALL%2013%20GALLON
Household & Cleaning,GREEN SCOURING PADS,10 ct,6.59,,,,,https://shop.sinclairsfoods.com/shop#!/?q=GREEN%20SCOURING%20PADS
Household & Cleaning,KINGSFORD WOOD PELLETS       CLASSIC/HICKORY/CHERRY,20 LBS,19.49,4460060508,,,,https://shop.sinclairsfoods.com/shop#!/?q=KINGSFORD%20WOOD%20PELLETS%20%20%20%20%20%20%20CLASSIC/HICKORY/CHERRY
Household & Cleaning,RAID “Wasp & Hornet”,14 oz,6.39,4650001353,,Raid Wasp & Hornet Killer 17.5 oz,weak,https://shop.sinclairsfoods.com/shop#!/?q=RAID%20%E2%80%9CWasp%20%26%20Hornet%E2%80%9D
Household & Cleaning,STAINLESS STEEL SCRUBBERS,2 ct,2.99,,,,,https://shop.sinclairsfoods.com/shop#!/?q=STAINLESS%20STEEL%20SCRUBBERS
Household & Cleaning,TIDE ORIGINAL,84 OZ,13.99,3077212108,,,,https://shop.sinclairsfoods.com/shop#!/?q=TIDE%20ORIGINAL
Household & Cleaning,TIDE PODS,76 CT,21.99,3077209165,,,,https://shop.sinclairsfoods.com/shop#!/?q=TIDE%20PODS
Household & Cleaning,XL NITRIL GLOVES,100 ct,5,84231212868,,,,https://shop.sinclairsfoods.com/shop#!/?q=XL%20NITRIL%20GLOVES
Household & Cleaning,ZIPLOC STORAGE GALLON,38 CT,6.89,2570000320,,Ziploc Storage Gallon Bags 22 ea,weak,https://shop.sinclairsfoods.com/shop#!/?q=ZIPLOC%20STORAGE%20GALLON
Dairy,BST-CH MOZZARELLA SLICED,6 oz,2.79,7003858585,,,,https://shop.sinclairsfoods.com/shop#!/?q=BST-CH%20MOZZARELLA%20SLICED
Dairy,COFFEEMATE FR VAN LIQ,16 oz,2.59,5000069225,,,,https://shop.sinclairsfoods.com/shop#!/?q=COFFEEMATE%20FR%20VAN%20LIQ
Dairy,KRFT GRATED PARMESAN,8 oz,4.29,2100002380,,,,https://shop.sinclairsfoods.com/shop#!/?q=KRFT%20GRATED%20PARMESAN
Dairy,KRFT THIN SLICED SWISS,8 oz,5.09,2100001857,,,,https://shop.sinclairsfoods.com/shop#!/?q=KRFT%20THIN%20SLICED%20SWISS
Dairy,KRFT VELVEETA BLOCK ORIG,32 oz,8.49,2100006634,,,,https://shop.sinclairsfoods.com/shop#!/?q=KRFT%20VELVEETA%20BLOCK%20ORIG
Dairy,SIMPLY ORANGE ORIG,89 oz,7.45,2500005433,,,,https://shop.sinclairsfoods.com/shop#!/?q=SIMPLY%20ORANGE%20ORIG
Dairy,YOP ORG CKY CRM YOG,6 oz,1.05,7047044452,,,,https://shop.sinclairsfoods.com/shop#!/?q=YOP%20ORG%20CKY%20CRM%20YOG
Frozen Foods,BREADED COD SQUARES,5#,8.49,,,,,https://shop.sinclairsfoods.com/shop#!/?q=BREADED%20COD%20SQUARES
Frozen Foods,COD LOINS,16 oz,8.49,,,,,https://shop.sinclairsfoods.com/shop#!/?q=COD%20LOINS
Frozen Foods,"CRAB LEGS, SNOW CRAB",2#,37.35,7539196910,,SNOW CRAB,weak,https://shop.sinclairsfoods.com/shop#!/?q=CRAB%20LEGS%2C%20SNOW%20CRAB
Frozen Foods,FROG LEGS,2#,17.89,7539102500,,,,https://shop.sinclairsfoods.com/shop#!/?q=FROG%20LEGS
Frozen Foods,ORANGE ROUGHY FILLETS,5#,67.45,,,ORANGE ROUGHY,strong,https://shop.sinclairsfoods.com/shop#!/?q=ORANGE%20ROUGHY%20FILLETS
Frozen Foods,PRIDE OF POND CATFISH FILLET,5#,27,,,,,https://shop.sinclairsfoods.com/shop#!/?q=PRIDE%20OF%20POND%20CATFISH%20FILLET
Health & Personal Care,ALEVE,90 CT,13.79,2586659223,,,,https://shop.sinclairsfoods.com/shop#!/?q=ALEVE
Health & Personal Care,ALKA SELTZER SEVERE,24 ct,11.89,1650059886,,,,https://shop.sinclairsfoods.com/shop#!/?q=ALKA%20SELTZER%20SEVERE
Health & Personal Care,FOOT POWDER,7 oz,3.75,7003859026,,,,https://shop.sinclairsfoods.com/shop#!/?q=FOOT%20POWDER
Health & Personal Care,PEROXIDE,32 oz,1.45,7003858142,,PEROXIDE,weak,https://shop.sinclairsfoods.com/shop#!/?q=PEROXIDE
Health & Personal Care,Q-TIPS,300 CT,2.19,7003820081,,,,https://shop.sinclairsfoods.com/shop#!/?q=Q-TIPS
Health & Personal Care,RUBBING ALCOHOL,16 oz,2.15,7003820053,,,,https://shop.sinclairsfoods.com/shop#!/?q=RUBBING%20ALCOHOL
Bakery & Deli,CHOCOLATE MERINQUE PIE,EA,15.99,,,CHOCOLATE MERINGUE,strong,https://shop.sinclairsfoods.com/shop#!/?q=CHOCOLATE%20MERINQUE%20PIE
Bakery & Deli,DILL DIP,PER LB,5.99,,,,,https://shop.sinclairsfoods.com/shop#!/?q=DILL%20DIP
Bakery & Deli,RANCH CHEESE BALL W/PECANS,PER LB,7.99,,,,,https://shop.sinclairsfoods.com/shop#!/?q=RANCH%20CHEESE%20BALL%20W/PECANS
Bakery & Deli,TURTLE COOKIES,12CT,6.49,,,M & M Cookies,strong,https://shop.sinclairsfoods.com/shop#!/?q=TURTLE%20COOKIES
Beverages,MM LEMONADE,12 oz,2.75,2500002561,,,,https://shop.sinclairsfoods.com/shop#!/?q=MM%20LEMONADE
Beverages,MM ORANGE JUICE FRZ,12 oz,4.59,2500002519,,,,https://shop.sinclairsfoods.com/shop#!/?q=MM%20ORANGE%20JUICE%20FRZ
Beverages,V8 JUICE 6PK-5.5 Z,6 ct,5.35,5100000020,,,,https://shop.sinclairsfoods.com/shop#!/?q=V8%20JUICE%206PK-5.5%20Z
